"committee_name","count"
"ACTBLUE",1609
"WINRED",337
"HARRIS FOR PRESIDENT",91
"BIDEN FOR PRESIDENT",83
"HILLARY FOR AMERICA",70
"ALSOBROOKS FOR SENATE",50
"DCCC",48
"DONALD J. TRUMP FOR PRESIDENT, INC.",39
"DSCC",39
"HARRIS VICTORY FUND",36
"WARNOCK FOR GEORGIA",36
"TRUMP MAKE AMERICA GREAT AGAIN COMMITTEE",26
"REPUBLICAN NATIONAL COMMITTEE",25
"DNC SERVICES CORP / DEMOCRATIC NATIONAL COMMITTEE",22
"NEVER SURRENDER, INC.",22
"TRUMP NATIONAL COMMITTEE JFC, INC.",14
"BIDEN VICTORY FUND",12
"MOVEON.ORG POLITICAL ACTION",12
"HILLARY VICTORY FUND",11
"NRSC",11
"SUZAN JOHNSON COOK FOR CONGRESS",11
"TERENCE GRAY FOR CONGRESS, INC.",11
"DNC SERVICES CORP./DEM. NAT'L COMMITTEE",10
"EMILY'S LIST",10
"JAMIE RASKIN FOR CONGRESS",9
"WARREN FOR PRESIDENT, INC.",9
"ALSOBROOKS VICTORY FUND",8
"MAKE AMERICA GREAT AGAIN PAC",8
"NRCC",8
"SAVE AMERICA",8
"WIN THE ERA PAC",8
"DEMOCRATIC ACTION",7
"DONNA EDWARDS FOR SENATE",7
"PARROTT FOR CONGRESS",7
"AMY MCGRATH FOR SENATE, INC.",6
"FRIENDS OF SHERROD BROWN",6
"JAIME HARRISON FOR US SENATE",6
"VAN HOLLEN FOR SENATE",6
"BERNIE 2016",5
"CRUZ FOR PRESIDENT",5
"IT STARTS TODAY",5
"JON OSSOFF FOR SENATE",5
"NIKKI HALEY FOR PRESIDENT INC.",5
"SENATE CONSERVATIVES FUND",5
"SWING LEFT",5
"TRUMP SAVE AMERICA JOINT FUNDRAISING COMMITTEE",5
"CHERI BEASLEY FOR NORTH CAROLINA",4
"DEMOCRATIC STATE CENTRAL COMMITTEE OF MARYLAND",4
"EMILYS LIST",4
"FETTERMAN FOR PA",4
"NATIONAL DEMOCRATIC TRAINING COMMITTEE PAC",4
"PROGRESSIVE TURNOUT PROJECT",4
"SCALISE FOR CONGRESS",4
"SMP",4
"THE LINCOLN PROJECT",4
"TIM RYAN FOR OHIO",4
"VAL DEMINGS FOR U.S. SENATE",4
"WARNOCK VICTORY FUND",4
"AUDREY DENNEY FOR CONGRESS",3
"CARSON AMERICA",3
"CHC BOLD PAC",3
"COLIN ALLRED FOR SENATE",3
"CORY BOOKER FOR SENATE",3
"DITCH FUND",3
"DOUG JONES FOR SENATE COMMITTEE",3
"ELECT DEMOCRATIC WOMEN",3
"END CITIZENS UNITED",3
"FAIR FIGHT",3
"GEORGIANS FOR KELLY LOEFFLER",3
"HEATHER MIZEUR FOR CONGRESS",3
"JEFFRIES FOR CONGRESS",3
"JESSE COLVIN FOR CONGRESS",3
"KEVIN JOHNSON FOR CONGRESS",3
"KWEISI MFUME FOR CONGRESS",3
"LEAGUE OF CONSERVATION VOTERS ACTION FUND",3
"MOVEMENT VOTER PAC",3
"NATIONAL VICTORY ACTION FUND",3
"STOP THESE OPPRESSIVE PEOPLE: TYRANTS RACISTS UNQUALIFIEDS MISOGYNISTS PROPAGANDISTS (STOP TRUMP)",3
"TIM SCOTT FOR SENATE",3
"WILL JAWANDO FOR CONGRESS",3
"314 ACTION FUND",2
"ABBY FOR IOWA",2
"AIRCRAFT OWNERS AND PILOTS ASSOCIATION POLITICAL ACTION COMMITTEE",2
"ALLISON FOR CONGRESS",2
"AMERICANS FOR RESPONSIBLE SOLUTIONS-PAC",2
"BERNIE 2020",2
"BLACK CHURCH PAC",2
"CORY 2020",2
"CUMMINGS FOR CONGRESS CAMPAIGN COMMITTEE",2
"DEMOCRATIC VICTORY PAC, INC.",2
"DONNA EDWARDS 4 CONGRESS",2
"DSI",2
"ELECT DIVERSE DEMOCRATS PAC",2
"GLENN IVEY FOR CONGRESS",2
"HILL HARPER FOR MICHIGAN",2
"HOGAN FOR MARYLAND INC.",2
"KAMALA HARRIS FOR THE PEOPLE",2
"KASICH FOR AMERICA INC",2
"MANDELA BARNES FOR WISCONSIN",2
"MARCO RUBIO FOR PRESIDENT",2
"MARIANNE WILLIAMSON FOR PRESIDENT",2
"MARK KELLY FOR SENATE",2
"MARYLAND REPUBLICAN STATE CENTRAL COMMITTEE",2
"MAXWELL ALEJANDRO FROST FOR CONGRESS",2
"MCCONNELL SENATE COMMITTEE",2
"MIKE ESPY FOR SENATE CAMPAIGN COMMITTEE",2
"MIKE ROGERS FOR CONGRESS",2
"PAC TO THE FUTURE",2
"RAND PAUL FOR US SENATE",2
"RYAN FOR CONGRESS, INC.",2
"SARA GIDEON FOR MAINE",2
"STOP REPUBLICANS",2
"THE COMMITTEE TO DEFEND THE PRESIDENT",2
"WILL JAWANDO FOR MARYLAND",2
"AMERICA VOTES ACTION FUND",1
"AMERICAN ETHIOPIAN PUBLIC AFFAIRS COMMITTEE",1
"AMERICAN POSSIBILITIES PAC",1
"AMY MCGRATH FOR CONGRESS",1
"ANDY HARRIS FOR CONGRESS",1
"ANDY KIM FOR NEW JERSEY",1
"BARBARA LEE FOR US SENATE",1
"BERGMANN FOR CONGRESS CAMPAIGN",1
"BLUE VICTORY FUND PAC",1
"BOB CASEY FOR SENATE INC",1
"BOOKER FOR KENTUCKY",1
"BOOKER FOR THE PEOPLE, LTD",1
"BOWMAN FOR CONGRESS",1
"BULLOCK FOR PRESIDENT",1
"CAL FOR NC",1
"CAP-PAC SEPARATE SEGREGATED FUND OF THE NATIONAL COMMUNITY ACTION FOUNDATION INC",1
"CARAVEO FOR CONGRESS",1
"CATHERINE CORTEZ MASTO FOR SENATE",1
"CATHERINE CORTEZ-MASTO FOR SENATE",1
"CHRIS DELUZIO FOR CONGRESS",1
"CITIZENS FOR TURNER",1
"COLIN BYRD FOR CONGRESS",1
"COLLINS FOR SENATOR",1
"COLOROFCHANGE PAC",1
"COMMITTEE TO ELECT PAM KEITH",1
"COMMON POWER",1
"CONGRESSIONAL PROGRESSIVE CAUCUS PAC",1
"CONNOLLY FOR CONGRESS",1
"CONOLE FOR CONGRESS",1
"CORI BUSH FOR CONGRESS",1
"COUNCIL FOR A LIVABLE WORLD CANDIDATE FUND",1
"DAN COX FOR CONGRESS",1
"DAN COX FOR CONGRESS, INC.",1
"DEFEND FREEDOM, INC.",1
"DEM TURNOUT 2024",1
"DEMOCRACY FOR AMERICA",1
"DEMOCRATIC HOPE FUND",1
"DEMOCRATIC POWER, INC.",1
"DEMOCRATS UNITED",1
"DLCC PAC",1
"DONALD J. TRUMP FOR PRESIDENT 2024, INC.",1
"DR. CAMERON WEBB FOR CONGRESS",1
"EDF ACTION VOTES",1
"ELISE FOR CONGRESS",1
"EMILIA SYKES FOR CONGRESS",1
"EQUALITY PAC",1
"ERIC SORENSEN FOR ILLINOIS",1
"EVERYDISTRICT",1
"FLIP THE SENATE PAC",1
"FOR THE MANY ACTION",1
"FORWARD BLUE",1
"FRIENDS OF ANDREW YANG",1
"FRIENDS OF MARK WARNER",1
"FRIENDS OF RAJA FOR CONGRESS",1
"GEORGIA FEDERAL ELECTIONS COMMITTEE",1
"GEORGIA SENATE VICTORY FUND",1
"GIFFORDS PAC",1
"GRAYPAC",1
"HICKENLOOPER FOR COLORADO",1
"HOUSE MAJORITY PAC",1
"HOYER FOR CONGRESS",1
"HUCK PAC",1
"IRETON FOR CONGRESS",1
"JACKSON-US SENATE",1
"JEB 2016, INC.",1
"JEFF JACKSON FOR CONGRESS",1
"JOHN JAMES FOR CONGRESS, INC.",1
"JOHN KENNEDY FOR US",1
"JOHNNY O FOR CONGRESS",1
"JON HOADLEY FOR CONGRESS",1
"JONATHAN JACKSON FOR CONGRESS",1
"JONI FOR IOWA",1
"JOSELINE PENA-MELNYK FOR CONGRESS",1
"JOSH RILEY FOR CONGRESS",1
"JSTREETPAC",1
"KENTUCKY STATE DEMOCRATIC CENTRAL EXECUTIVE COMMITTEE",1
"KEVIN MCCARTHY FOR CONGRESS",1
"LAW ENFORCEMENT FOR A SAFER AMERICA PAC",1
"LET AMERICA VOTE PAC",1
"LEVELL FOR A BETTER AMERICA INC",1
"LYNDON LAROUCHE POLITICAL ACTION COMMITTEE",1
"MAGGIE FOR NH",1
"MAKE DC LISTEN",1
"MARCO RUBIO FOR SENATE 2016",1
"MARK FOR MARYLAND",1
"MATT ROSENDALE FOR MONTANA",1
"MAYA R. CUMMINGS FOR CONGRESS",1
"MCBRIDE FOR DELAWARE INC.",1
"MCCASKILL FOR MISSOURI",1
"MCCORKLE FOR COLORADO",1
"MCCREADY FOR CONGRESS",1
"MCKAYLA WILKES FOR CONGRESS",1
"MICHAEL BLAKE FOR CONGRESS",1
"MONTANANS FOR BULLOCK",1
"MONTANANS FOR TESTER",1
"MONTGOMERY COUNTY DEMOCRATIC CENTRAL COMMITTEE",1
"NANCY PELOSI FOR CONGRESS",1
"NDTC",1
"NEMBHARD FOR CONGRESS",1
"NEW CONGRESS FUND",1
"NEW NATION RISING",1
"OBAMA FOR AMERICA",1
"OUR BLACK PARTY",1
"PAF",1
"PATTY JUDGE FOR IOWA",1
"PEOPLE POWERED ACTION",1
"PERDUE FOR SENATE",1
"PERKINS FOR LOUISIANA",1
"POLICE COALITION OF AMERICA PAC",1
"POLIQUIN FOR CONGRESS",1
"PROGRESSIVE TAKEOVER",1
"PULLEN FOR US",1
"RENACCI FOR US SENATE",1
"RON DESANTIS FOR FLORIDA",1
"SAAFIR FOR CONGRESS",1
"SANFORD BISHOP FOR CONGRESS",1
"SAYLES FOR US",1
"SCHIFF FOR CONGRESS",1
"SCHIFF FOR SENATE",1
"SHAHEEN FOR SENATE",1
"SHEILA CHERFILUS MCCORMICK FOR CONGRESS, INC",1
"SOCIALLY RESPONSIBLE GOVERNMENT",1
"SPANBERGER FOR CONGRESS",1
"STABENOW FOR US SENATE",1
"STEVE IRWIN FOR CONGRESS",1
"SUOZZI FOR CONGRESS",1
"TAMMY FOR ILLINOIS",1
"TEAM GRAHAM, INC.",1
"TERRI HILL FOR CONGRESS",1
"THE 2016 COMMITTEE",1
"THERESA GREENFIELD FOR IOWA",1
"TINA FORTE FOR CONGRESS",1
"TOM ROYALS FOR CONGRESS",1
"TRUMP 47 COMMITTEE, INC.",1
"TULSI ALOHA",1
"UNITED WITH DELIA FOR CONGRESS",1
"VOTE SAVE AMERICA",1
"WARREN DEMOCRATS, INC.",1
"WILEY NICKEL FOR CONGRESS",1
"WILL ROLLINS FOR CONGRESS",1
"YURIPZY MORGAN FOR CONGRESS",1
